l1,l2Code,l2Name,l3Code,l3Name,l4Code,l4Name,channels
인입,ent_need,니즈 발생,ent_need_ad,광고/캠페인 노출,ent_need_ad_01,캠페인 메일 수신,ALL
,,,,,ent_need_ad_02,APP PUSH 알림 수신,ALL
,,,,,ent_need_ad_03,뉴스레터 수신,ALL
,,,,,ent_need_ad_04,온/오프라인 광고 확인,ALL
,,,ent_need_evt,이벤트/프로모션 인지,ent_need_evt_01,프로모션 페이지 노출,ALL
,,,,,ent_need_evt_02,기획전 페이지 노출,ALL
,,,ent_need_life,생활 속 니즈 인지 (라이프 이벤트),ent_need_life_01,스마트폰 교체 필요 인식,ALL
,,,,,ent_need_life_02,이사/독립 → 인터넷 가입 필요,ALL
,,,,,ent_need_life_03,해외 출장/여행 → 로밍 필요,ALL
,,,,,ent_need_life_04,자녀 폰 개통 필요,ALL
,ent_app,(T4S) 공식 앱/사이트 인입,ent_app_main,메인 화면 진입,ent_app_main_01,T월드 통합메인 진입,T월드
,,,,,ent_app_main_02,T멤버십 메인 진입,T멤버십
,,,,,ent_app_main_03,T다이렉트 메인 진입,T다이렉트
,,,,,ent_app_main_04,T우주 메인 진입,T우주
,,,ent_app_login,로그인/회원가입,ent_app_login_01,로그인,ALL(Digital)
,,,,,ent_app_login_02,회원가입,ALL(Digital)
,,,,,ent_app_login_03,아이디/비밀번호 찾기,ALL(Digital)
,,,,,ent_app_login_04,약관 동의,ALL(Digital)
,,,ent_app_auth,본인인증,ent_app_auth_01,SMS 인증,ALL(Digital)
,,,,,ent_app_auth_02,PASS 인증서 인증,ALL(Digital)
,,,ent_app_onboard,온보딩/초기설정,ent_app_onboard_01,온보딩 페이지 진입,ALL(Digital)
,,,,,ent_app_onboard_02,앱 권한 설정,ALL(Digital)
,,,,,ent_app_onboard_03,앱 업데이트,ALL(Digital)
,,,ent_app_global,외국인 서비스 인입,ent_app_global_01,English 서비스,ALL(Digital)
,,,,,ent_app_global_02,T로밍 서비스,T월드
,ent_store,(대리점/판매점) 방문,ent_store_find,매장 찾기,ent_store_find_01,내 위치 기반 매장 검색,T월드
,,,,,ent_store_find_02,매장 상세 검색,T월드
,,,,,ent_store_find_03,AS 센터 검색,T월드
,,,ent_store_resv,매장 상담 예약,ent_store_resv_01,매장 상담 예약 신청,T월드
,,,,,ent_store_resv_02,매장 상담 예약 내역 조회,T월드
,,,ent_store_arrive,매장 도착/접수,ent_store_arrive_01,방문 접수 / 대기번호 발급,T월드
,,,,,ent_store_arrive_02,상담 유형 선택 (구매/AS/요금/해지 등),T월드
,,,ent_store_consult,대면 상담 시작,cmn_auth_01,본인확인,유통망
,,,,,ent_store_consult_02,가입/이용 현황 조회 (상담사 화면),유통망
,ent_push,푸시/알림 인입,ent_push_app,앱 푸시 알림,ent_push_app_01,앱 PUSH,ALL(Digital)
,,,ent_push_talarm,T 알림,ent_push_talarm_01,정보/혜택 알림,ALL(Digital)
,,,,,ent_push_talarm_02,나의 캘린더 알림,ALL(Digital)
,,,,,ent_push_talarm_03,국민비서 알림,ALL(Digital)
,,,,,ent_push_talarm_04,AI추천 서비스 알림,ALL(Digital)
,,,ent_push_set,알림 수신 설정,ent_push_set_01,앱 푸시 알림 ON/OFF 설정,ALL(Digital)
,,,,,ent_push_set_02,마케팅 수신 동의 설정,ALL(Digital)
,ent_call,고객센터 전화 인입,ent_call_info,고객센터 연락처 확인,ent_call_info_01,대표 고객센터 연락처 확인,ALL(Digital)
,,,,,ent_call_info_02,채널별 고객센터 연락처 확인,ALL(Digital)
,,,ent_call_ivr,ARS/IVR 메뉴 선택,ent_call_ivr_01,ARS 메뉴 안내 및 선택 (버튼식/보이는/음성),고객센터
,,,,,ent_call_ivr_02,상담원 연결 대기,고객센터
,,,ent_call_connect,상담원 연결,ent_call_connect_01,업무별 전문 상담원 연결 (요금/기기/해지 등),고객센터
,,,,,ent_call_connect_02,영어/외국어 상담 연결,고객센터
,,,ent_call_auth,본인확인/회선 확인,cmn_auth_01,본인확인,고객센터
,ent_chat,디지털/챗봇 상담 인입,ent_chat_bot,챗봇 상담,ent_chat_bot_01,챗봇 상담 진입,AI
,,,ent_chat_email,이메일 상담,ent_chat_email_01,이메일 상담 작성,ALL(Digital)
,,,,,ent_chat_email_02,상담 내역 조회,ALL(Digital)
,,,ent_chat_purchase,온라인 구매 상담 진입,ent_chat_purchase_01,대리점/판매점 온라인 구매 상담 진입,유통망
,,,,,ent_chat_purchase_02,고객 센터 구매 상담 진입,고객센터
,,,,,ent_chat_purchase_03,티다이렉스샵 1:1 채팅 구매 상담 진입,T다이렉트
,ent_ext,외부 채널 인입,ent_ext_search,검색 인입,ent_ext_search_01,포털 검색 (네이버/구글),
,,,ent_ext_sns,SNS/커뮤니티 인입,ent_ext_sns_01,SNS(인스타/유튜브/X) 광고 등,
,,,ent_ext_partner,커머스 인입,ent_ext_partner_01,온라인/오프라인 쇼핑사이트 등,
탐색,expl_srch,상품/서비스 검색,expl_srch_intg,통합 검색,expl_srch_intg_01,T월드 검색,T월드
,,,,,expl_srch_intg_03,T멤버십 검색,T멤버십
,,,,,expl_srch_intg_04,T다이렉트 검색,T다이렉트
,,,,,expl_srch_intg_05,T우주 검색,T우주
,,,expl_srch_menu,전체 메뉴 탐색,expl_srch_menu_01,T월드 메뉴 탐색,T월드
,,,,,expl_srch_menu_02,T멤버십 메뉴 탐색,T멤버십
,,,,,expl_srch_menu_04,T다이렉트 메뉴 탐색,T다이렉트
,,,,,expl_srch_menu_05,T우주 메뉴 탐색,T우주
,,,,,expl_srch_menu_03,T다이렉트 카테고리 메뉴,T다이렉트
,expl_phone,휴대폰 탐색,expl_phone_list,휴대폰 리스트 탐색,expl_phone_list_01,5G 휴대폰 리스트,T다이렉트
,,,,,expl_phone_list_02,휴대폰 리스트 (5G 외),T다이렉트
,,,,,expl_phone_list_03,휴대용 와이파이 리스트,T다이렉트
,,,expl_phone_dtl,휴대폰 상세 정보,expl_phone_dtl_01,휴대폰 상품 상세(사양/가격/리뷰),T다이렉트
,,,,,expl_phone_dtl_02,상품 후기 확인,T다이렉트
,,,expl_phone_used,자급제/중고폰 탐색,expl_phone_used_01,자급제/쓰던 폰 등록 안내,T다이렉트
,expl_smart,스마트워치 및 태블릿 탐색,expl_smart_list,스마트워치/태블릿 리스트,expl_smart_list_01,스마트워치 리스트,T다이렉트
,,,,,expl_smart_list_02,태블릿/노트북 리스트,T다이렉트
,,,,,expl_smart_list_03,휴대폰 와이파이 리스트,T다이렉트
,,,expl_smart_dtl,스마트워치/태블릿 상세,expl_smart_dtl_01,스마트워치 상품 상세,T다이렉트
,,,,,expl_smart_dtl_02,태블릿/노트북 리스트 상품 상세,T다이렉트
,,,,,expl_smart_dtl_03,휴대폰 와이파이 리스트 상품 상세,T다이렉트
,,,,,expl_smart_dtl_04,구독 상품 후기/평점 확인,T우주
,expl_plan,요금제 탐색,expl_plan_list,요금제 리스트 조회,expl_plan_list_01,전체 모바일 요금제 (5G/LTE/3G/선불),T월드
,,,,,expl_plan_list_02,태블릿&스마트기기 요금제,T월드
,,,,,expl_plan_list_03,다이렉트 플랜,"T월드, T다이렉트"
,,,expl_plan_dtl,요금제 상세/비교,expl_plan_dtl_01,요금제 상세,T월드
,,,,,expl_plan_dtl_02,요금제 비교하기,T월드
,,,expl_plan_rec,맞춤 요금제 추천,expl_plan_rec_01,내게 맞는 요금제 찾기,T월드
,expl_cost,예상 금액 탐색,expl_cost_disc,할인 지원금/할인 조회,expl_cost_disc_01,미사용 혜택 정보 제공,T월드
,,,,,expl_cost_disc_02,선택약정지원금 조회,T월드
,,,,,expl_cost_disc_03,공통지원금 조회,T월드
,,,,,expl_cost_disc_04,총 할인 금액 조회,T월드
,,,expl_cost_monthly,예상 월 납부금액 조회,expl_cost_monthly_01,카드 할인 조회,T월드
,,,,,expl_cost_monthly_02,휴대폰 할부금,T월드
,,,,,expl_cost_monthly_03,월 통신 요금,T월드
,,,,,expl_cost_monthly_04,예상 월 납부금액,T월드
,expl_net,인터넷/B tv 탐색,expl_net_list,인터넷/B tv 리스트,expl_net_list_01,인터넷 리스트/상품상세,
,,,,,expl_net_list_02,B tv 리스트/상품상세,
,,,expl_net_combo,결합상품/할인 탐색,expl_net_combo_01,결합할인 리스트,
,,,,,expl_net_combo_02,예상 요금 계산하기,
,,,expl_net_check,설치 가능 지역 조회,expl_net_check_01,서비스 가능지역 조회,
,expl_add,부가서비스 탐색,expl_add_list,부가서비스 리스트/상세,expl_add_list_01,전체 부가서비스 리스트,
,,,,,expl_add_list_02,부가서비스 상세,
,,,expl_add_insure,단말 보험/보상 프로그램,expl_add_insure_01,보험 상품 리스트/상품상세,T월드
,,,,,expl_add_insure_02,쓰던 폰 보상 프로그램 ,T월드
,expl_univ,T우주 구독 탐색,expl_univ_all,구독 상품 탐색,expl_univ_all_01,전체 구독 상품 리스트,T우주
,,,,,expl_univ_all_02,상품상세 (단독/번들/패스),T우주
,,,,,expl_univ_all_03,발견 페이지 탐색,T우주
,,,expl_univ_benefit,구독 혜택 비교,expl_univ_benefit_01,구독 혜택 비교 (쿠폰/이용권/바코드),T우주
,expl_mbr,멤버십/혜택 탐색,expl_mbr_brand,혜택 브랜드 탐색,expl_mbr_brand_01,혜택 브랜드 리스트,T멤버십
,,,,,expl_mbr_pgm_02,혜택 브랜드 상세,T멤버십
,,,expl_mbr_benefit,혜택 프로그램 탐색,expl_mbr_benefit_01,"혜택 프로그램 리스트 (T Day, VIP Pick 등)",T멤버십
,,,,,expl_mbr_benefit_02,혜택 프로그램 상세,T멤버십
,,,expl_mbr_mission,미션 프로그램 탐색,expl_mbr_mission_01,"미션 프로그램 리스트 (출석체크, 룰렛 등)",T멤버십
,,,,,expl_mbr_mission_02,미션 프로그램 상세,T멤버십
,,,expl_mbr_grade,등급/이용 안내,expl_mbr_grade_01,등급안내 / 이용안내 / FAQ,T멤버십
,,,expl_mbr_tw,T월드 혜택/할인,expl_mbr_tw_01,전체 혜택 / 장기 우수 고객 / 결합할인,"T월드, T멤버십"
,expl_roam,로밍 서비스 탐색,expl_roam_prod,로밍 상품 탐색,expl_roam_prod_01,로밍 요금 상품 리스트,T월드
,,,,,expl_roam_prod_02,로밍 요금 상품 상세,T월드
,,,,,expl_roam_prod_03,Baro Box 상품 탐색,T월드
,,,,,expl_roam_prod_04,국가/지역별 로밍 상품 탐색,T월드
,,,expl_roam_center,로밍 센터 안내,expl_roam_center_01,T로밍 카드/쿠폰 조회,T월드
,,,,,expl_roam_center_02,T로밍 센터 안내,T월드
,expl_faq,이용 안내/FAQ 탐색,expl_faq_qna,자주 하는 질문,expl_faq_qna_01,T월드 FAQ,T월드
,,,,,expl_faq_qna_03,T다이렉트 FAQ,T다이렉트
,,,,,expl_faq_qna_04,T멤버십 FAQ,T멤버십
,,,,,expl_faq_qna_05,T우주 FAQ,T우주
,,,expl_faq_guide,서비스 이용 안내,expl_faq_guide_01,사이트 이용방법 / 필요 서류 안내,ALL(Digital)
,,,,,expl_faq_guide_02,서비스 장애 안내,ALL(Digital)
,,,expl_faq_noti,공지사항,expl_faq_noti_01,T world/T다이렉트/T멤버십 공지사항,ALL(Digital)
,expl_consult,상담을 통한 탐색,expl_consult_chat,대리점/유통망 상담을 통한 탐색,expl_consult_chat_01,전시 단말 실물 체험/비교,유통망
,,,,,expl_consult_chat_02,휴대폰/기기 상담,유통망
,,,,,expl_consult_chat_03,요금제 및 상품 상담,유통망
,,,,,expl_consult_chat_04,인터넷/B tv 상담,
,,,,,expl_consult_chat_05,상담 내용 출력 및 공유,유통망
,,,expl_consult_call,고객센터 상담을 통한 탐색,expl_consult_call_01,요금제 및 상품 상담,고객센터
,,,,,expl_consult_call_02,인터넷/B tv 상담,
,,,expl_consult_online,온라인/챗봇 상담을 통한 탐색,expl_consult_online_01,대리점/판매점 온라인 구매 상담,유통망
,,,,,expl_consult_online_02,고객 센터 온라인 구매 상담,고객센터
,,,,,expl_consult_online_03,티다이렉스샵 채팅 구매 상담,T다이렉트
,expl_prsnl,개인화 추천,expl_plan_theme,테마별/특화 요금제,expl_plan_theme_01,0틴/0캠퍼스/0플랜 등 영 요금제,T월드
,,,expl_prsnl_deal,맞춤 혜택/딜 추천,expl_prsnl_deal_01,T deal 맞춤 상품 추천,T멤버십
,,,,,expl_prsnl_deal_02,미적용 혜택 안내 (결합/할인),T멤버십
,expl_ext,외부 채널 탐색,expl_ext_search,외부 채널에서 상품 탐색(서비스/상품 등),expl_ext_search_01,포털/검색엔진 탐색,
,,,,,expl_ext_search_02,온라인 커뮤니티/카페 탐색,
,,,,,expl_ext_search_03,영상 콘텐츠 탐색,
,,,,,expl_ext_search_04,가격비교 사이트 탐색,
,,,,,expl_ext_search_05,SNS 채널 탐색,
구매/가입/개통,ord_phone, 휴대폰 및 스마트 기기 주문,ord_phone_order,디바이스 주문,ord_phone_order_01,디바이스 및 디바이스 옵션 선택,T다이렉트
,,,,,ord_phone_order_02,배송방법 선택 (택배/바로도착/바로픽업),T다이렉트
,,,,,ord_phone_order_03,배송정보 작성 및 확인,T다이렉트
,,,ord_phone_form,주문서 작성,ord_phone_form_01,가입 유형 선택(기기변경/번호이동/신규가입),"T월드, T다이렉트"
,,,,,ord_phone_form_02,가입자 정보 확인,"T월드, T다이렉트"
,,,,,ord_phone_form_03,요금제 및 부가서비스 선택,"T월드, T다이렉트"
,,,,,ord_phone_form_04,휴대폰 보험 선택,"T월드, T다이렉트"
,,,,,ord_phone_form_05,할인 방법 및 할부기간 선택,"T월드, T다이렉트"
,,,,,ord_phone_form_06,예상 월 납부금액 확인,"T월드, T다이렉트"
,,,,,ord_phone_form_07,포인트 및 이용권 할인,"T월드, T다이렉트"
,,,,,ord_phone_form_08,혜택 선택 ,"T월드, T다이렉트"
,,,,,ord_phone_form_09,제휴 카드 신청,"T월드, T다이렉트"
,,,,,ord_phone_form_10,주문 확인(휴대폰 월 할부금/월 통신요금/월 납부금액),"T월드, T다이렉트"
,,,ord_phone_apply,신청서 작성,ord_phone_apply_01,본인 인증,"T월드, T다이렉트"
,,,,,ord_phone_apply_02,(미성년자) 법정대리인 인증,"T월드, T다이렉트"
,,,,,ord_phone_apply_03,"(번호이동) 번호이동 인증, 통신사 정보 입력","T월드, T다이렉트"
,,,,,ord_phone_apply_04,(신규가입) 희망 번호 입력,"T월드, T다이렉트"
,,,,,ord_phone_apply_05,개인 정보 입력 (주소),"T월드, T다이렉트"
,,,,,ord_phone_apply_06,"SIM 구매 유무 및 USIM, eSIM 선택","T월드, T다이렉트"
,,,,,ord_phone_apply_07,납부 방식 선택 (계좌/카드) 및 유효성 체크,"T월드, T다이렉트"
,,,,,ord_phone_apply_08,"요금안내서 수신 방법 선택(Bill Letter앱, 문자, 이메일, T world)","T월드, T다이렉트"
,,,,,ord_phone_apply_09,휴대폰 배송 방법 선택 및 배송 정보 확인,"T월드, T다이렉트"
,,,,,ord_phone_apply_10,휴대폰 번호 인증,"T월드, T다이렉트"
,,,,,ord_phone_apply_11,부가서비스 선택,"T월드, T다이렉트"
,,,,,ord_phone_apply_12,제휴카드 할인 선택,"T월드, T다이렉트"
,,,,,ord_phone_apply_13,약관 동의,"T월드, T다이렉트"
,,,,,ord_phone_apply_14,결제하기,"T월드, T다이렉트"
,,,ord_phone_cart,장바구니,ord_phone_cart_01,장바구니 담기,T다이렉트
,,,,,ord_phone_cart_02,장바구니 조회,T다이렉트
,,,,,ord_phone_cart_03,장바구니 삭제,T다이렉트
,,,ord_phone_comp,주문 완료/내역,ord_act_self_01,주문완료 확인 / 주문내역 상세 확인,"T월드, T다이렉트"
,ord_act,USIM/eSIM 개통,ord_act_self,USIM/eSIM 신청서 작성,ord_act_self_02,SIM 유형 선택(USIM/eSIM),"T월드, T다이렉트"
,,,,,ord_act_self_03,요금제 선택 및 안내사항 확인,"T월드, T다이렉트"
,,,,,ord_act_self_04,월 납부 금액 확인,"T월드, T다이렉트"
,,,,,ord_act_self_05,유형 선택(기기변경/번호이동/신규가입),"T월드, T다이렉트"
,,,,,ord_act_self_06,(USIM) 유심 구매 여부 변경 (신규/기존),"T월드, T다이렉트"
,,,,,ord_act_self_07,IMEI(휴대폰식별번호) 입력,"T월드, T다이렉트"
,,,,,ord_act_self_08,본인인증 및 안내 사항 확인,"T월드, T다이렉트"
,,,,,ord_act_self_09,(신규가입) 희망번호 입력,"T월드, T다이렉트"
,,,,,ord_act_self_10,보험 서비스 추천,"T월드, T다이렉트"
,,,,,ord_act_self_11,(USIM) 배송정보 입력,"T월드, T다이렉트"
,,,,,ord_act_self_12,월 납부 금액 확인 및 안내 사항 확인,"T월드, T다이렉트"
,,,,,ord_act_self_13,요금 납부 정보 입력,"T월드, T다이렉트"
,,,,,ord_act_self_14,약관 동의 및 주문 완료,"T월드, T다이렉트"
,,,,,ord_act_self_15,주문 내역 조회,"T월드, T다이렉트"
,,,ord_act_setup,USIM/eSIM 휴대폰 세팅 ,ord_act_setup_01,휴대폰 USIM·eSIM 설정,"T월드, T다이렉트"
,,,,,ord_act_setup_02,(eSIM) 다운로드 및 활성화,"T월드, T다이렉트"
,,,,,ord_act_setup_03,데이터 옮기기,"T월드, T다이렉트"
,ord_net,인터넷/B tv 주문 및 개통,ord_net_order,인터넷/B tv 가입,ord_net_order_01,인터넷&IPTV 가입,
,,,ord_net_set,인터넷/B tv 설치 및 개통,ord_net_set_01,인터넷&IPTV 설치 및 개통,
,ord_combo,결합 상품 가입,ord_combo_join,결합 상품 가입,ord_combo_join_01,결합상품 신청,T월드
,,,,,ord_combo_join_02,"결합 유형 선택(나 혼자 결합, 가족 결합)",T월드
,,,,,ord_combo_join_03,결합 상품 조회 및 회선 선택,T월드
,,,,,ord_combo_join_04,(가족 결합) 가족 회선 추가 및 가족 정보 입력,T월드
,,,,,ord_combo_join_05,(가족 결합) 결합신청 가족 동의,T월드
,,,,,ord_combo_join_06,예상 할인 금액 확인,T월드
,,,,,ord_combo_join_07,가족 관계 서류 제출,T월드
,,,,,ord_combo_join_08,약관 동의 및 완료,T월드
,ord_roam,로밍 서비스 가입,ord_roam_join,로밍 요금제 가입,ord_roam_join_01,로밍 서비스 가입,T월드
,,,,,ord_roam_join_02,"로밍 요금제 선택 (baro요금제, OnePass 등)",T월드
,,,,,ord_roam_join_03,"로밍 요금제 설정 (개시일, 종료일 설정)",T월드
,,,,,ord_roam_join_04,로밍 요금제 가입 완료,T월드
,,,,,ord_roam_join_05,로밍부가서비스 신청,T월드
,,,ord_roam_card,로밍 쿠폰/카드 구매,ord_roam_card_01,로밍 쿠폰/카드 구매,T월드
,,,ord_roam_coupon,baro Box 임대,ord_roam_coupon_01,"baro Box 예약 신청 (국가, 일자, 수령 위치)",T월드
,ord_add,부가서비스 가입,ord_add_join,부가서비스 가입,ord_add_join_01,부가서비스 선택,T월드
,,,,,ord_add_join_02,부가서비스 가입 신청,T월드
,ord_univ,T우주 구독 가입,ord_univ_join,구독 상품 선택,ord_univ_join_01,구독 상품 및 옵션 선택,T우주
,,,ord_univ_pay,구독 상품 결제,ord_univ_pay_01,결제 수단 선택,T우주
,,,,,ord_univ_pay_02,상품 약관 동의,T우주
,,,,,ord_univ_pay_03,"결제 진행 (상품 결제, 구독 결제 등)",T우주
,ord_acc,액세서리 주문,ord_acc_order,액세서리 주문,ord_acc_order_01,액세서리 상품 및 옵션 선택,T다이렉트
,,,,,ord_acc_order_02,장바구니 담기 및 관리,T다이렉트
,,,,,ord_acc_order_03,결제 수단 선택,T다이렉트
,,,,,ord_acc_order_04,결제 진행,T다이렉트
,,[대리점/고객센터] 구매/개통,ord_phone_offline,[대리점/고객센터] 디바이스 선택,ord_phone_offline_01,디바이스 및 디바이스 옵션 선택,"유통망, 고객센터"
,,,,,ord_phone_offline_02,즉시 수령 OR 택배 정보 입력,"유통망, 고객센터"
,,,ord_offline_form,"[대리점/고객센터] 주문 진행
(대리점 - 스마트플래너)",ord_offline_form_01,가입 유형 선택(기기변경/번호이동/신규가입),"유통망, 고객센터"
,,,,,ord_offline_form_02,가입자 정보 확인,"유통망, 고객센터"
,,,,,ord_offline_form_03,요금제 및 부가서비스 선택,"유통망, 고객센터"
,,,,,ord_offline_form_04,휴대폰 보험 선택,"유통망, 고객센터"
,,,,,ord_offline_form_05,할부기간 선택,"유통망, 고객센터"
,,,,,ord_offline_form_06,예상 월 납부금액 확인,"유통망, 고객센터"
,,,,,ord_offline_form_07,포인트 및 이용권 할인,"유통망, 고객센터"
,,,,,ord_offline_form_08,혜택 선택 ,"유통망, 고객센터"
,,,,,ord_offline_form_09,제휴 카드 신청,"유통망, 고객센터"
,,,,,ord_offline_form_10,주문 확인(휴대폰 월 할부금/월 통신요금/월 납부금액),"유통망, 고객센터"
,,,ord_offline_apply,[대리점/고객센터] 신청서 작성,ord_offline_apply_01,본인 인증(신분증 등),"유통망, 고객센터"
,,,,,ord_offline_apply_02,(미성년자) 법정대리인 인증 (서류 제출),"유통망, 고객센터"
,,,,,ord_offline_apply_03,"(번호이동) 번호이동 인증, 통신사 정보 입력","유통망, 고객센터"
,,,,,ord_offline_apply_04,(신규가입) 희망 번호 입력,"유통망, 고객센터"
,,,,,ord_offline_apply_05,개인 정보 입력 (주소),"유통망, 고객센터"
,,,,,ord_offline_apply_06,"SIM 구매 유무 및 USIM, eSIM 선택","유통망, 고객센터"
,,,,,ord_offline_apply_07,납부 방식 선택 (계좌/카드) 및 유효성 체크,"유통망, 고객센터"
,,,,,ord_offline_apply_08,"요금안내서 수신 방법 선택(Bill Letter앱, 문자, 이메일, T world)","유통망, 고객센터"
,,,,,ord_offline_apply_09,휴대폰 배송 방법 선택 및 배송 정보 확인,"유통망, 고객센터"
,,,,,ord_offline_apply_10,휴대폰 번호 인증,"유통망, 고객센터"
,,,,,ord_offline_apply_11,약관 동의(스마트플래너),"유통망, 고객센터"
,,,,,ord_offline_apply_12,결제하기,"유통망, 고객센터"
,,,,,ord_offline_apply_13,신청서 출력 및 공유,"유통망, 고객센터"
,,,ord_offline_setup,[대리점] 개통 및 휴대폰 설정,ord_offline_setup_01,"개통 처리 (USIM 장착/활성화, eSIM 현장개통 지원)",유통망
,,,,,ord_offline_setup_02,휴대폰 설정 (기본 설정),유통망
,,,,,ord_offline_setup_03,데이터 이전 지원,유통망
,,,,,ord_offline_setup_04,보호필름/케이스 등 액세서리 구매 및 적용,유통망
,,,ord_net_offline,[대리점/고객센터]  인터넷/B tv 가입,ord_net_offline_01,인터넷/B tv 가입 접수,"유통망, 고객센터"
,,,,,ord_net_offline_02,설치 일정 현장 예약,"유통망, 고객센터"
,,,ord_combo_offline,[대리점/고객센터] 결합 신청,ord_combo_offline_01,결합상품 신청,"유통망, 고객센터"
,,,,,ord_combo_offline_03,"결합 유형 선택(나 혼자 결합, 가족 결합)","유통망, 고객센터"
,,,,,ord_combo_offline_02,결합 상품 조회 및 회선 선택,"유통망, 고객센터"
,,,,,ord_combo_offline_04,(가족 결합) 가족 회선 추가 및 가족 정보 입력,"유통망, 고객센터"
,,,,,ord_combo_offline_05,(가족 결합) 결합신청 가족 동의,"유통망, 고객센터"
,,,,,ord_combo_offline_06,예상 할인 금액 확인,"유통망, 고객센터"
,,,,,ord_combo_offline_07,가족 관계 서류 제출,"유통망, 고객센터"
,,,,,ord_combo_offline_08,약관 동의 및 완료,"유통망, 고객센터"
서비스 이용,use_bill,요금/납부 관리,use_bill_stmt,요금안내서 조회,use_bill_stmt_01,청구월 선택,T월드
,,,,,use_bill_stmt_02,요금안내서 상세 확인,T월드
,,,,,use_bill_stmt_03,요금안내서 설정 변경,T월드
,,,,,use_bill_stmt_04,청구지 주소/연락처 변경 신청,T월드
,,,use_bill_real,실시간 이용요금,use_bill_real_01,실시간 이용요금 조회,T월드
,,,use_bill_mobile,휴대폰 결제/콘텐츠 이용료,use_bill_mobile_01,휴대폰 결제 내역 조회,T월드
,,,,,use_bill_mobile_02,콘텐츠 이용료 내역 조회,T월드
,,,,,use_bill_mobile_03,결제 차단/해제,T월드
,,,,,use_bill_mobile_04,콘텐츠 이용료 자동 선결제 설정/변경,T월드
,,,use_pay_method,납부 방법 관리,use_pay_method_01,납부 방법 조회/변경/자동납부 신청·해지,T월드
,,,,,use_pay_method_02,통합청구 신청/해제,T월드
,,,,,use_pay_method_03,법인/개인 분리청구 관리,T월드
,,,use_pay_do,요금 납부,use_pay_do_01,카드/계좌이체/입금전용계좌 납부,T월드
,,,use_pay_hist,납부 내역/미환급금,use_pay_hist_01,요금 납부 내역 조회,T월드
,,,,,use_pay_hist_03,미납 요금 조회,T월드
,,,,,use_pay_hist_02,미환급금 조회,T월드
,,,use_pay_welfare,요금감면/복지할인,use_pay_welfare_01,장애인/국가유공자/기초생활 복지할인 신청,T월드
,,,,,use_pay_welfare_02,다자녀 할인 신청,T월드
,use_data,데이터/통화 관리,use_data_remain,데이터/통화 현황 조회,use_data_remain_01,실시간 잔여량 조회,T월드
,,,,,use_data_remain_02,최근 사용량 조회,T월드
,,,,,use_data_remain_03,자녀 잔여량/T가족모아 데이터 현황 조회,T월드
,,,use_data_charge,데이터 충전,use_data_charge_01,리필 쿠폰 사용,T월드
,,,,,use_data_charge_02,선불 쿠폰 구매/등록,T월드
,,,,,use_data_charge_03,팅요금제 충전,T월드
,,,,,use_data_charge_04,T가족모아 데이터 충전/신청,T월드
,,,use_data_gift,데이터 선물/조르기,use_data_gift_01,T끼리 데이터 선물/조르기,T월드
,,,,,use_data_gift_02,리필 쿠폰 선물,T월드
,,,,,use_data_gift_03,선불 쿠폰 구매/선물/조르기/관리,T월드
,,,,,use_data_gift_04,팅요금제 선물,T월드
,use_info,나의 가입정보 관리,use_info_mobile,이동전화 가입 정보,use_info_mobile_01,기본가입정보,T월드
,,,,,use_info_mobile_02,약정할인/기기 할부 정보,T월드
,,,,,use_info_mobile_03,나의 요금제/부가서비스,T월드
,,,,,use_info_mobile_04,나의 혜택/할인,T월드
,,,,,use_info_mobile_05,납부/청구 정보,T월드
,,,use_planchg,요금제 변경 관리,use_planchg_01,약정 만료 사전 알림,T월드
,,,,,use_planchg_02,요금제 변경 가능일 조회,T월드
,,,,,use_planchg_03,이용 중 요금제 조회,T월드
,,,,,use_planchg_04,요금제 비교,T월드
,,,,,use_planchg_05,변경 요금제 선택,T월드
,,,,,use_planchg_06,변경 시 연동 서비스 영향 확인,T월드
,,,,,use_planchg_07,요금제 가입,T월드
,,,,,use_planchg_08,요금제 변경 완료 확인,T월드
,,,,,use_planchg_09,월 납부 금액 확인,T월드
,,,use_addmgmt,부가서비스 관리,use_addmgmt_01,가입중 부가서비스 목록 조회,T월드
,,,,,use_addmgmt_02,부가서비스 선택,T월드
,,,,,use_addmgmt_03,부가서비스 가입/해지,T월드
,,,,,use_addmgmt_04,자동가입/해지 상품 안내,T월드
,,,use_info_member,회원정보 관리,use_info_member_01,회원정보 조회 및 관리,T월드
,,,,,use_info_member_02,개인정보수집/이용약관 관리,T월드
,,,,,use_info_member_03,광고성 정보 수신 동의 관리,T월드
,,,,,use_info_member_04,고객보호 비밀번호 설정/변경,T월드
,,,use_info_line,이용회선 관리,use_info_line_01,회선 관리,T월드
,,,,,use_info_line_03,가족 회선 통합 관리 (부가서비스/약정/요금제),T월드
,,,use_info_numchg,번호변경,use_info_numchg_01,번호변경 가능여부 확인,T월드
,,,,,use_info_numchg_02,번호변경 신청,T월드
,,,,,use_info_numchg_03,변경 완료 확인,T월드
,,,use_info_namechg,명의변경,use_info_namechg_01,명의변경 신청 (가족간/제3자),T월드
,,,,,use_info_namechg_02,명의변경 필요서류 안내,T월드
,use_univ,구독 이용/관리,use_univ_use,이용권/쿠폰/바코드 사용,use_univ_use_01,이용권 / 할인 바코드 / 쿠폰 사용,T우주
,,,use_univ_manage,구독 상품 관리,use_univ_manage_01,구독 일시정지/재개,T우주
,,,,,use_univ_manage_02,배송 및 결제 관리,T우주
,,,,,use_univ_manage_03,결제수단 변경,T우주
,use_benefit,혜택 이용 및 관리 (멤버십),use_benefit_card,멤버십 바코드 사용,use_benefit_card_01,바코드 사용,T멤버십
,,,use_benefit_point,포인트 사용 및 관리,use_benefit_point_01,포인트 사용,T멤버십
,,,,,use_benefit_point_02,포인트 조회/통합,T멤버십
,,,,,use_benefit_point_03,포인트 선물,T멤버십
,,,use_benefit_coupon,쿠폰 사용 및 관리,use_benefit_coupon_02,쿠폰 사용,T멤버십
,,,,,use_benefit_coupon_01,쿠폰 조회 및 관리,T멤버십
,,,use_benefit_mission,미션 프로그램 참여,use_benefit_mission_01,출석체크/룰렛/쇼핑적립/돈버는교통·설문/스탬프 응모/참여,T멤버십
,,,,,use_benefit_mission_02,당첨자 발표 확인,T멤버십
,,,,,use_benefit_mission_03,이벤트 상품 수령 정보 입력,T멤버십
,,,use_benefit_tday,혜택 프로그램 이용,use_benefit_tday_01,T Day,T멤버십
,,,,,use_benefit_tday_02,VIP PICK,T멤버십
,,,,,use_benefit_tday_03,클럽 멤버십,T멤버십
,,,,,use_benefit_tday_04,무비,T멤버십
,,,,,use_benefit_tday_05,T장기고객/기프티콘/열린멤버십/글로벌 여행/제휴,T멤버십
,,,use_benefit_welfare,복지/할인 프로그램 사용,use_benefit_welfare_01,장애인 전용 혜택 (복지할인/요금제/고객센터),"고객센터, T멤버십"
,,,,,use_benefit_welfare_02,다자녀 할인,T멤버십
,,,use_benefit_set,멤버십 설정,use_benefit_set_01,관심브랜드 설정/관리,T멤버십
,,,,,use_benefit_set_02,11pay 결제 설정,T멤버십
,,,use_benefit_dash,혜택 조회,use_benefit_dash_01,누적 혜택 조회/실시간 혜택 조회,T멤버십
,,,use_benefit_hist,멤버십 이용내역 조회,use_benefit_hist_01,할인 내역/적립 내역 조회,T멤버십
,use_roam,로밍 서비스 이용 및 관리,use_roam_status,로밍 이용 현황,use_roam_status_01,로밍 데이터 사용량 실시간 조회,T월드
,,,,,use_roam_status_02,로밍 요금 청구 내역 확인,T월드
,,,use_roam_set,로밍 설정 관리,use_roam_setting_01,자동안심 T로밍 설정,T월드
,,,,,use_roam_setting_02,로밍모드 설정,T월드
,use_sec,보안/분실 관리,use_sec_lost,분실/정지/해제,use_sec_lost_01,휴대폰 분실/정지/해제,T월드
,,,use_sec_usim,유심보호/재설정,use_sec_usim_01,유심보호서비스 관리/재설정/교체 예약,T월드
,,,use_sec_prevent,이용자 피해 예방,use_sec_prevent_01,피해 예방 센터/보이스피싱/파밍/사이버침해접수,T월드
,,,use_sec_pause,일시정지,use_sec_pause_01,휴대폰 일시정지/해제,T월드
,,,use_sec_spam,스팸 차단,use_sec_spam_01,스팸 차단 서비스 신청/해제,T월드
,use_cs,고객 지원/CS,use_cs_email,온라인 상담,ent_chat_email_01,이메일 상담,ALL(Digital)
,,,,,ent_chat_bot_01,챗봇 상담,AI
,,,,,use_cs_online_03,FAQ/자주하는 질문,ALL(Digital)
,,,,,use_cs_online_04,상품 문의,"T월드, T다이렉트"
,,,use_cs_app,앱 관리,use_cs_app_01,앱 설정 (회원 정보 설정/위젯 설정),ALL(Digital)
,,,,,use_cs_app_02,알림 관리,ALL(Digital)
,,,use_cs_senior,고령자/접근성 지원,use_cs_senior_01,접근성 관리(고령자 간편 UI-큰 글씨/단순 단계),T월드
,,,,,use_cs_senior_02,고령 가족 대리 처리 지원,"T월드, 고객센터, 유통망"
,,,use_cs_guide,이용 안내 확인,use_cs_guide_01,FAQ/자주하는 질문/이용가이드,ALL(Digital)
,,,,,use_cs_guide_02,이용자 피해 예방 센터,T월드
,,,,,use_cs_guide_03,필요서류 안내,T월드
,,,,,use_cs_guide_04,공지사항/서비스 장애 안내,ALL(Digital)
,,,use_cs_store,매장 찾기,use_cs_store_01,매장 검색,T월드
,,,,,use_cs_store_02,매장 상담 내역/AS센터 안내/임대폰 제공 매장,T월드
,,,use_cs_opinion,고객 의견 ,use_cs_opinion_01,칭찬합니다/설문 조사,T월드
,,,use_cs_pass,PASS지갑,use_cs_pass_01,신분증명/모두의증명/국민비서/전자문서지갑,T월드
,,,,,use_cs_pass_02,PASS 인증서 등록/관리,T월드
,,,,,use_cs_pass_03,금융거래용 인증,T월드
,,,use_cs_offline,[고객센터/대리점] 고객 지원,use_cs_offline_01,요금 문의/처리,"유통망, 고객센터"
,,,,,use_cs_offline_02,납부 관련 처리,"유통망, 고객센터"
,,,,,use_cs_offline_03,신고/분실/정지 처리,"유통망, 고객센터"
,,,,,use_cs_offline_04,명의변경/정보변경,"유통망, 고객센터"
,,,,,use_cs_offline_05,상품/서비스 변경 처리,"유통망, 고객센터"
,,,,,use_cs_offline_06,단순 불만 처리,"유통망, 고객센터"
,,,,,use_cs_offline_07,콜백 예약,"유통망, 고객센터"
,use_shop,쇼핑 관리,use_shop_order,주문 내역,use_shop_order_01,주문 내역 조회/비회원 주문조회,"T월드, T다이렉트, T우주"
,,,use_shop_review,구매 후기/문의,use_shop_review_01,구매후기 작성/조회 / 문의 내역,"T월드, T다이렉트, T우주"
,,,use_shop_delivery,배송 추적,use_shop_delivery_01,택배사/운송장번호 확인,T다이렉트
,,,,,use_shop_delivery_02,배송 상태 조회 (준비중/배송중/완료),T다이렉트
,,,use_shop_return,교환/반품,use_shop_return_01,교환/반품 신청,"T월드, T다이렉트, T우주"
,,,,,use_shop_return_02,교환/반품 FAQ 확인,"T월드, T다이렉트, T우주"
,,,use_shop_cancel,주문 취소/변경,use_shop_cancel_01,주문 취소 신청,"T월드, T다이렉트, T우주"
유지 및 확장,exp_devchg,기기변경,exp_devchg_notify,약정 만료 안내,exp_devchg_notify_01,약정 만료 사전 안내,T월드
,,,exp_devchg_check,기기변경 조건 확인,exp_devchg_check_01,현재 약정/할부 상태 확인,T월드
,,,,,exp_devchg_check_02,쓰던 폰 바로 보상 가격 확인,T월드
,,,,,exp_devchg_check_03,현재 약정 잔여기간/할인 조회,T월드
,,,ord_phone_order,디바이스 주문,exp_devchg_check_01,기기변경용 단말 리스트 조회,"T월드, T다이렉트"
,,,,,ord_phone_order_01,디바이스 및 디바이스 옵션 선택,"T월드, T다이렉트"
,,,,,ord_phone_order_02,배송방법 선택 (택배/바로도착/바로픽업),"T월드, T다이렉트"
,,,,,ord_phone_order_03,배송정보 작성 및 확인,"T월드, T다이렉트"
,,,ord_phone_form,주문서 작성,ord_phone_form_01,가입 유형 선택(기기변경),"T월드, T다이렉트"
,,,,,ord_phone_form_02,가입자 정보 확인,"T월드, T다이렉트"
,,,,,ord_phone_form_03,요금제 및 부가서비스 선택,"T월드, T다이렉트"
,,,,,ord_phone_form_04,휴대폰 보험 선택,"T월드, T다이렉트"
,,,,,ord_phone_form_05,할인 방법 및 할부기간 선택,"T월드, T다이렉트"
,,,,,ord_phone_form_06,예상 월 납부금액 확인,"T월드, T다이렉트"
,,,,,ord_phone_form_07,포인트 및 이용권 할인,"T월드, T다이렉트"
,,,,,ord_phone_form_08,혜택 선택 ,"T월드, T다이렉트"
,,,,,ord_phone_form_09,제휴 카드 신청,"T월드, T다이렉트"
,,,,,ord_phone_form_10,주문 확인(휴대폰 월 할부금/월 통신요금/월 납부금액),"T월드, T다이렉트"
,,,ord_phone_apply,신청서 작성,ord_phone_apply_01,본인 인증,"T월드, T다이렉트"
,,,,,ord_phone_apply_02,(미성년자) 법정대리인 인증,"T월드, T다이렉트"
,,,,,ord_phone_apply_03,(신규가입) 희망 번호 입력,"T월드, T다이렉트"
,,,,,ord_phone_apply_04,개인 정보 입력 (주소),"T월드, T다이렉트"
,,,,,ord_phone_apply_05,"SIM 구매 유무 및 USIM, eSIM 선택","T월드, T다이렉트"
,,,,,ord_phone_apply_06,납부 방식 선택 (계좌/카드) 및 유효성 체크,"T월드, T다이렉트"
,,,,,ord_phone_apply_07,"요금안내서 수신 방법 선택(Bill Letter앱, 문자, 이메일, T world)","T월드, T다이렉트"
,,,,,ord_phone_apply_08,휴대폰 배송 방법 선택 및 배송 정보 확인,"T월드, T다이렉트"
,,,,,ord_phone_apply_09,휴대폰 번호 인증,"T월드, T다이렉트"
,,,,,ord_phone_apply_10,부가서비스 선택,"T월드, T다이렉트"
,,,,,ord_phone_apply_11,제휴카드 할인 선택,"T월드, T다이렉트"
,,,,,ord_phone_apply_12,약관 동의,"T월드, T다이렉트"
,,,,,ord_phone_apply_13,결제하기,"T월드, T다이렉트"
,,,ord_phone_cart,장바구니,ord_phone_cart_01,장바구니 담기,T다이렉트
,,,,,ord_phone_cart_02,장바구니 조회,T다이렉트
,,,,,ord_phone_cart_03,장바구니 삭제,T다이렉트
,,,ord_phone_comp,주문 완료/내역,ord_act_self_01,주문완료 확인 / 주문내역 상세 확인,T다이렉트
,exp_line,USIM/eSIM 개통/추가,exp_line_type,추가 회선 유형 선택,exp_line_type_01,자녀/가족 회선 추가,T월드
,,,,,exp_line_type_02,태블릿/스마트워치 회선 추가,T월드
,,,exp_line_cond,회선 추가 조건 확인,exp_line_cond_01,듀얼 SIM 지원 확인,T월드
,,,ord_act_self,USIM/eSIM 신청서 작성,ord_act_self_01,SIM 유형 선택(USIM/eSIM),T다이렉트
,,,,,ord_act_self_02,요금제 선택 및 안내사항 확인,T다이렉트
,,,,,ord_act_self_03,월 납부 금액 확인,T다이렉트
,,,,,ord_act_self_04,유형 선택(기기변경),T다이렉트
,,,,,ord_act_self_05,(USIM) 유심 구매 여부 변경 (신규/기존),T다이렉트
,,,,,ord_act_self_06,IMEI(휴대폰식별번호) 입력,T다이렉트
,,,,,ord_act_self_07,본인인증 및 안내 사항 확인,T다이렉트
,,,,,ord_act_self_08,(신규가입) 희망번호 입력,T다이렉트
,,,,,ord_act_self_09,보험 서비스 추천,T다이렉트
,,,,,ord_act_self_10,(USIM) 배송정보 입력,T다이렉트
,,,,,ord_act_self_11,월 납부 금액 확인 및 안내 사항 확인,T다이렉트
,,,,,ord_act_self_12,요금 납부 정보 입력,T다이렉트
,,,,,ord_act_self_13,약관 동의 및 주문 완료,T다이렉트
,,,,,ord_act_self_14,주문 내역 조회,T다이렉트
,,,ord_act_setup,USIM/eSIM 휴대폰 세팅 ,ord_act_setup_01,휴대폰 USIM·eSIM 설정,T다이렉트
,,,,,ord_act_setup_03,(eSIM) 다운로드 및 활성화,T다이렉트
,,,,,ord_act_setup_02,데이터 옮기기,T다이렉트
,exp_net,인터넷/B tv 확장,ord_net_order,인터넷/B tv 가입,ord_net_order_01,인터넷&IPTV 주문/가입,
,,,ord_net_set,인터넷/B tv 설치 및 개통,ord_net_set_01,인터넷&IPTV 설치 및 개통,
,exp_sub,구독 확장/추가,exp_subexp_check,현재 구독 상태 확인,exp_subexp_check_01,현재 구독 상품/혜택 조회,T우주
,,,exp_subexp_upgrade,구독 업그레이드,exp_subexp_upgrade_01,상위 구독 상품 비교/전환,T우주
,,,exp_subexp_add,추가 상품 구독,exp_subexp_add_01,추가 구독 상품 가입,T우주
,exp_family,가족결합 신청/관리,exp_family_join,가족결합 신청,exp_family_join_01,T가족결합 신청/멤버 추가,T월드
,,,,,exp_family_join_02,가족결합 할인 시뮬레이션,T월드
,,,exp_family_mgmt,가족결합 관리,exp_family_mgmt_01,가족결합 멤버 조회/해제,T월드
,exp_offline,[대리점/고객센터] 변경 관리,exp_devchg_offline,[대리점] 기기변경 대면 처리,exp_devchg_offline_01,기기변경 시 선택약정 중단/할인 영향 안내,유통망
,,,,,exp_devchg_offline_02,기기변경 상담 (보상판매/할부 비교),유통망
,,,,,exp_devchg_offline_03,기기변경 개통 처리 (현장),유통망
,,,,,exp_devchg_offline_04,쓰던 폰 보상 접수,유통망
,,,exp_contract_call,[고객센터] 약정 연장/변경 전화 처리,exp_contract_call_01,약정 만료 안내 / 재약정 전화 상담,고객센터
,,,,,exp_contract_call_02,약정 해지 시 위약금 전화 안내,고객센터
,,,,,exp_contract_call_03,만료 안내 배너로 재약정/기변 유도,고객센터
,,,exp_family_offline,[대리점/고객센터] 가족결합 대면 관리,exp_family_offline_01,가족결합 멤버 추가/해제 (대면 서류),"유통망, 고객센터"
,,,,,exp_family_offline_02,전화 가족결합 변경,"유통망, 고객센터"
이탈,exit_line,회선 해지,exit_line_req,회선 해지 신청,exit_line_req_01,해지 신청,T월드
,,,,,exit_line_req_02,해지 사유 입력,T월드
,,,,,exit_line_req_03,이탈 방지 혜택/오퍼 제시,T월드
,,,exit_line_settle,회선 해지 확인 및 정산,exit_line_settle_01,"약정 할인, 잔여 할부금, 미납 요금 등 확인",T월드
,,,,,exit_line_settle_02,해지 영향 안내 (연동 서비스 변경),T월드
,,,,,exit_line_settle_03,해지 완료 안내 및 잔여 청구,T월드
,,,exit_line_call,[고객센터] 전화 해지,exit_line_call_01,해지 상담원 연결,고객센터
,,,,,exit_line_call_02,해지 방어 안내 ,고객센터
,,,,,exit_line_call_03,"해지 확정 처리, 해지 영향 안내",고객센터
,,,,,exit_line_call_04,해지 완료 안내 및 잔여 청구,고객센터
,,,exit_line_store,[대리점] 대면 해지,exit_line_store_01,해지 접수 (신분증 확인),유통망
,,,,,exit_line_store_02,"약정 할인, 잔여 할부금, 미납 요금 등 현장 안내",유통망
,,,,,exit_line_store_03,해지 방어 안내 ,유통망
,,,,,exit_line_store_04,해지 완료 안내 및 잔여 청구,유통망
,exit_unsub,T우주 구독 해지,exit_univ_req,T우주 해지 신청,exit_univ_req_01,해지 신청,T우주
,,,exit_univ_block,T우주 해지 확인,exit_univ_block_01,환불 금액 및 해지일 확인,T우주
,exit_addsvc,부가서비스 해지,exit_add_req,부가서비스 해지 신청,exit_add_req_01,부가서비스 해지,T월드
,,,exit_add_confirm,부가서비스 해지 확인,exit_add_confirm_01,해지 내역 및 해지일 확인,T월드
,,,exit_add_call,(고객센터/대리점) 부가서비스 해지,exit_add_call_01,부가서비스 해지 상담,"유통망, 고객센터"
,,,,,exit_add_call_02,해지 내역 및 해지일 확인,"유통망, 고객센터"
,exit_withdraw,회원 탈퇴,exit_withdraw_tid,T-ID 탈퇴,exit_withdraw_tid_01,T-ID 탈퇴 신청 및 탈퇴,T월드
,exit_net,인터넷/유선 해지,exit_net_req,유선 해지 신청,exit_net_req_01,인터넷/IPTV 해지 신청,T월드
,,,exit_net_settle,유선 해지 확인 및 정산,exit_line_settle_01,해지 신청,
,,,,,exit_line_settle_02,"약정 할인, 잔여 할부금, 미납 요금 등 확인",
,,,,,exit_line_settle_03,해지 완료 안내 및 잔여 청구,
